id,Gender,Age,Annual Salary,Credit Card Debt,Net Worth,Car Purchase Amount
842302,M,41.8517198,62812.09301,11609.38091,238961.2505,35321.45877
842517,M,40.87062335,66646.89292,9572.957136,530973.9078,45115.52566
84300903,F,43.15289747,53798.55112,11160.35506,638467.1773,42925.70921
84348301,F,58.27136945,79370.03798,14426.16485,548599.0524,67422.36313
84358402,F,57.31374945,59729.1513,5358.712177,560304.0671,55915.46248
843786,F,56.82489312,68499.85162,14179.47244,428485.3604,56611.99784
844359,F,46.60731485,39814.522,5958.460188,326373.1812,28925.70549
84458202,F,50.19301623,51752.23445,10985.69656,629312.4041,47434.98265
844981,M,46.58474463,58139.2591,3440.823799,630059.0274,48013.6141
84501001,F,43.32378156,53457.10132,12884.07868,476643.3544,38189.50601
845636,F,50.12992275,73348.70745,8270.707359,612738.6171,59045.51309
84610002,F,53.18015845,55421.65733,10014.96929,293862.5123,42288.81046
846226,M,44.3964937,37336.3383,10218.32092,430907.1673,28700.0334
846381,M,48.49651504,68304.47298,9466.995128,420322.0702,49258.87571
84667401,M,55.24486604,72776.00382,10597.63814,146344.8965,49510.03356
84799002,F,53.28976788,64662.30061,11326.03434,481433.4324,53017.26723
848406,M,44.74219952,63259.87837,11495.54999,370356.2223,41814.72067
84862001,F,48.12708462,52682.06401,12514.52029,549443.5886,43901.71244
849014,F,51.85347374,54503.14423,7377.820914,431098.9998,44633.99241
8510426,M,58.74184223,55368.23716,13272.94647,566022.1306,54827.52403
8510653,F,51.90047138,63435.86304,11878.03779,480588.2345,51130.95379
8510824,M,48.08111958,64347.34531,10905.36628,307226.0977,43402.31525
8511133,F,45.53184183,65176.69055,7698.552234,497526.4566,47240.86004
851509,F,47.02228427,52027.63837,11960.85377,688466.0503,46635.49432
852552,M,39.94299532,69612.0123,8125.598993,499086.3442,45078.40193
852631,M,52.57744084,53065.57175,17805.57607,429440.3297,44387.58412
852763,M,28.0096755,82842.53385,13102.15805,315775.3207,37161.55393
852781,M,55.63031699,61388.62709,14270.00731,341691.9337,49091.97185
852973,F,46.12403587,100000,17452.92179,188032.0778,58350.31809
853201,F,40.24532734,62891.86556,12522.94052,583230.976,43994.35972
853401,F,33.48313022,39627.1248,9371.511071,319837.6593,17584.56963
853612,F,40.38546326,68859.56489,13417.02027,486069.073,44650.36073
85382601,F,51.31671367,82358.22683,8092.475103,655934.4666,66363.89316
854002,M,51.4805088,67904.39895,11417.30952,487435.964,53489.46214
854039,M,46.31841716,65311.68225,7988.753685,215673.5384,39810.34817
854253,M,50.50341115,59593.2624,12252.73058,612242.7755,51612.14311
854268,F,49.85387098,47460.54809,7405.534271,430624.8142,38978.67458
854941,F,22.00038672,43131.78411,10917.14094,326742.7352,10092.22509
855133,M,50.51602163,52263.69806,8838.759509,213040.9606,35928.52404
855138,F,48.04729589,80959.5331,4499.921096,379749.9152,54823.19221
855167,M,42.44978638,66417.66597,9183.327621,513340.0097,45805.67186
855563,M,46.26908486,58457.41492,12491.01273,410655.9947,41567.47033
855625,M,37.58459582,50571.45969,13338.32852,348833.8403,28031.20985
856106,F,38.7730024,50943.16256,10816.8855,299734.1278,27815.73813
85638502,F,61.22413159,79792.13096,14245.53319,497950.2933,68678.4352
857010,M,55.27514264,70787.27764,10155.34095,853913.8532,68925.09447
85713702,F,42.22589031,56098.50773,11675.28496,320228.6451,34215.7615
85715,M,51.16813904,57478.37922,2230.096344,158979.7102,37843.46619
857155,F,41.44430677,60181.40633,7094.896557,390312.1715,37883.24231
857156,M,40.08331711,74445.08168,7915.758178,527420.7269,48734.35708
857343,F,41.1638484,38406.7789,11023.00268,451846.1995,27187.23914
857373,M,55.78242299,64616.6881,12378.54089,779925.7892,63738.39065
857374,M,46.23366001,68107.93144,7813.602657,455609.1429,48266.75516
857392,F,36.67318264,72471.81532,11216.88676,583523.0762,46381.13111
857438,F,52.46564908,35069.41886,1851.979839,353757.5057,31978.9799
85759902,M,57.12191756,52422.94691,6998.46562,438067.7506,48100.29052
857637,F,33.81629802,84467.78988,7772.444847,468238.7915,47380.91224
857793,F,43.03088068,51419.50777,11331.20447,636407.1148,41425.00116
857810,F,50.16597776,46609.51626,7592.019748,409419.5797,38147.81018
858477,F,42.24181684,55207.45679,9976.434857,286062.5162,32737.80177
858970,F,42.05808927,46689.4159,7829.565502,615765.9289,37348.13737
858981,M,42.09853578,71847.2544,4225.328117,476088.3996,47483.85316
858986,M,54.55868922,69236.68608,9842.842611,242495.9886,49730.53339
859196,M,53.15575545,54006.77851,15189.08845,246321.8916,40093.61981
85922302,M,53.05769018,47228.35999,9046.182396,456634.2073,42297.5062
859283,M,43.29935025,70187.50328,6841.540577,662176.4851,52954.93121
859464,M,55.27030631,62262.94845,11785.87919,301026.2206,48104.11184
859465,F,42.69528911,59195.82899,8634.376791,573054.3808,43680.91327
859471,F,57.34721558,48716.67271,10886.91711,662382.6623,52707.96816
859487,F,52.07227701,66478.00967,13685.88702,356553.3996,49392.8897
859575,F,45.18543793,50280.0045,11350.49408,230728.3008,30841.00154
859711,M,56.2157522,57393.82872,5627.803654,411831.0371,49373.37555
859717,M,40.91485207,63429.93141,10676.21884,481335.3582,41903.65171
859983,F,47.78972925,59139.2108,4630.544424,473845.8546,45058.8969
8610175,F,56.04151533,67015.19372,13000.41369,355157.6417,52991.52667
8610404,M,46.96078061,69157.4521,15791.61176,506986.9824,50958.08115
8610629,F,53.3541878,50867.94007,16732.30638,344916.1768,41357.17897
8610637,F,56.51952929,53450.90036,8740.723093,309113.0627,44434.71917
8610862,M,39.1476732,70463.99084,10059.55406,278799.6958,38502.42392
8610908,M,45.22565147,52697.15192,861.8166529,540805.494,41221.24918
861103,F,33.02638894,71055.41924,6147.918843,441527.0144,38399.46139
8611161,F,44.30297784,55406.46215,9522.576495,523251.2663,41456.68097
8611555,F,39.71715527,48567.07462,9724.031647,407401.3776,30394.82494
8611792,M,39.90467755,69506.62127,5449.471997,409293.2658,42384.05128
8612080,F,36.72080894,69453.71659,9565.830875,386128.1333,39002.0771
8612399,F,40.17883971,36929.35124,9719.192898,245664.3652,19553.2739
86135501,F,44.48691527,63087.95261,11024.02643,496856.4912,45167.32542
86135502,M,43.42751716,50889.34054,11041.17891,448601.9484,36019.9556
861597,F,58.42573253,58065.25694,4204.920492,388498.5102,50937.93844
861598,F,32.09408141,20000,14261.80773,579181.6552,12895.71468
861648,F,49.95601436,60536.20406,8244.470226,173079.1798,38955.21919
861799,F,58.61073311,50667.69759,9871.403591,536665.0464,51221.04249
861853,F,42.37110355,44376.62221,13865.09055,259049.2824,25971.95673
862009,M,49.53216133,75958.28349,10562.90377,635512.3606,60670.33672
862028,F,53.22984863,70896.72853,11794.73914,398746.8458,54075.12064
86208,F,46.69611835,56009.73073,11030.2654,391848.6041,40004.87142
86211,M,46.24573524,90556.62686,13872.5667,479586.9387,61593.52058
862261,F,43.38998458,71716.45662,8870.714301,165866.2,39503.38829
862485,M,48.92140102,68502.10943,5831.118245,515084.1891,52474.71839
862548,M,43.14281871,46261.42666,16767.2636,759479.4596,42187.6828
862717,F,52.65668022,61858.19077,5189.083564,706977.053,57441.44414
862722,F,35.62487152,49483.83262,11811.25253,242292.92,22681.71667
862965,F,30.49235339,68289.18229,7357.787011,404457.3099,33640.73697
862980,M,37.37157248,47399.22827,14562.64194,537744.1324,31540.77868
862989,M,48.47639595,63975.0609,10614.85449,891439.8761,60461.24268
863030,M,43.77824898,75460.52362,6280.929547,296972.4085,45738.3343
863031,M,41.7960136,51075.46118,12416.84845,450402.2932,34803.82395
863270,F,49.59716524,42433.54619,7335.524826,386057.421,34642.6024
86355,F,30.34945876,61922.8971,10366.50326,323453.2022,27586.71854
864018,F,41.85495363,69946.93924,9010.648633,778537.2095,54973.02495
864033,F,46.07172662,73476.42249,9656.806156,386287.0208,49142.51174
86408,F,55.15697275,75571.20188,12887.54899,416540.299,58840.53964
86409,M,43.62606334,82573.01132,1696.989764,562605.0655,57306.32866
864292,M,58.46660793,50649.64492,11211.72016,565932.1861,51941.6756
864496,F,42.10214563,53427.46192,7903.103591,238529.6336,30240.60975
864685,F,56.85236475,75247.18061,13258.46631,659279.2011,67120.89878
864726,F,43.03106903,69175.19403,6039.594519,325701.4083,42408.02625
864729,M,34.68196128,84171.16719,12719.64415,244310.5736,41451.71843
864877,M,42.91579507,45721.66835,14250.52398,790526.5507,42592.88647
865128,M,35.04323865,54355.7595,10008.76797,573052.0119,34521.17618
865137,F,34.49805732,77206.48386,8493.098575,411070.4828,42213.69644
86517,M,47.74046488,57005.18595,12416.79083,408147.0405,41913.53713
865423,F,52.86426773,65809.10782,4820.839445,692401.4668,59416.18101
865432,M,47.14546675,65468.1442,7248.54142,588570.8903,51402.61506
865468,M,54.19945546,60991.82443,7329.22851,586368.9293,54755.42038
86561,M,50.75725473,61809.07451,2620.079459,407733.5229,47143.44008
866083,M,59.46215292,66905.47644,10077.49592,651215.6435,64391.68906
866203,M,48.98804889,65131.25015,6206.922109,53366.13861,37252.55194
866458,F,51.03125632,83626.30783,8458.749819,167031.5554,52665.36511
866674,M,39.84482154,64328.27892,13860.43821,567357.0264,44001.20706
866714,F,53.38095524,69255.98753,18361.24915,339207.2774,51551.67997
8670,F,45.01374936,60575.12604,8088.344365,291360.0291,38243.66481
86730502,M,45.40244083,63729.12568,12507.19736,271430.0543,39766.64804
867387,M,37.40628431,64315.73671,14871.36126,502946.8819,40077.57289
867739,M,42.60482241,51419.01644,9026.061543,362564.346,33131.52734
868202,M,47.69031054,53870.48483,14720.53399,701782.528,48622.66097
868223,M,48.7314504,56895.23153,9851.578109,580950.3967,47693.23482
868682,F,47.96813163,52534.20778,7583.753853,401955.501,39410.4616
868826,F,44.50599147,52632.97124,12348.67783,293999.9427,33428.40183
868871,F,43.05947066,42375.21424,6062.60136,510039.1484,32700.27871
868999,M,61.6304836,65617.29175,14392.28833,560593.416,62864.43011
869104,F,46.02807589,49398.74439,6994.617316,174525.8426,29425.83001
869218,M,51.22247207,63869.64928,12860.65824,260269.0963,44418.60955
869224,F,43.89487464,60871.18248,4397.947571,262959.2506,36645.5609
869254,M,57.45859813,68090.5087,6181.970908,316064.0338,53655.53859
869476,M,59.77886094,54122.87827,15164.87506,254617.2609,45977.12502
869691,F,38.60885156,59316.93704,12296.34158,510811.3695,38504.39444
86973701,M,61.10319817,38779.18396,12758.89583,581497.8874,47935.9394
86973702,F,49.61576865,88292.73205,10799.1381,378357.9385,60222.22672
869931,F,37.49764004,68688.40199,15796.31838,375889.6381,38930.55234
871001501,F,45.49732494,51906.85022,13686.96935,85520.85055,27810.21814
871001502,F,49.83912893,52373.79446,11347.62967,633383.4925,47604.34591
8710441,M,31.74162964,73768.12453,8132.073716,562663.8116,42356.6895
87106,M,33.77526933,55576.84068,9396.008371,475126.1252,31300.54347
8711002,F,45.05203632,59689.81438,14862.84011,449895.3046,42369.64247
8711003,M,50.21957282,55381.53225,5088.239017,20000,31837.22537
8711202,M,51.3001589,34154.77654,5316.010491,216355.3406,26499.31418
8711216,M,52.51683609,54382.7481,6940.056371,191168.4476,38172.83602
871122,M,34.16409192,65919.59731,7594.363993,543789.7212,39433.40631
871149,M,55.98961549,39488.45582,10992.33383,363561.1972,37714.31659
8711561,F,57.28482392,72637.84482,14938.50613,352507.9012,57125.41541
8711803,F,47.65948559,67247.07698,9851.689538,368344.0637,46453.34819
871201,M,40.41469076,71271.84407,13122.45694,411045.8332,43855.06077
8712064,M,50.41432737,71693.44742,14421.48298,517480.0937,55592.70383
8712289,M,46.54726629,57860.53103,7146.192574,445745.5544,42484.02283
8712291,F,38.7080482,69142.08412,8707.511532,399124.4489,40879.19107
87127,F,36.195148,52477.66494,12071.41684,97706.89181,20653.21409
8712729,F,44.10061144,47592.04749,13167.65763,473101.0273,35438.80549
8712766,M,46.86775698,48123.36983,921.5340234,405550.1689,36112.79346
8712853,F,33.20331461,76916.41515,13923.96207,315183.5688,38182.30465
87139402,F,42.43201208,65714.46469,12557.08133,362707.0273,41026.02421
87163,F,47.44707409,40346.06491,11505.89906,255922.473,27889.95197
87164,M,40.14234782,71148.20248,7917.65097,416817.4673,43724.4896
871641,F,54.11381978,81757.66856,7500.778414,278181.8354,57430.76903
871642,M,38.41372649,64867.14911,13962.95284,498441.5687,41104.07108
872113,F,40.42154558,70051.94033,4701.316175,613706.5421,49050.85378
872608,F,45.34128933,62043.16623,4980.668295,357639.0334,41265.52929
87281702,M,51.03137709,85186.48921,12413.0319,546630.5284,64545.16339
873357,F,38.40326499,47127.41632,10221.15388,427011.4954,29052.09521
873586,F,33.97602872,61177.08698,9837.222432,340663.3261,30719.8156
873592,F,50.24618129,57770.36488,8628.434025,211765.2494,38763.11306
873593,M,42.144445,60432.40367,11417.46257,415005.3584,39331.20127
873701,F,32.92895606,58999.88858,6904.420412,478422.7973,32608.45468
873843,F,56.07496279,62645.95516,11431.22966,613242.1668,58045.56257
873885,M,56.68908614,68782.15718,9810.75269,350157.8394,54387.27727
874158,F,37.36322599,67545.96382,7171.466112,322905.4592,36638.20688
874217,M,50.75886005,42415.48867,5205.008323,520997.2385,39522.13129
874373,M,62.667962,44617.98314,9683.735879,251702.1158,42978.34626
874662,F,52.68904044,72226.5603,5817.153854,623033.482,60865.76396
874839,F,51.27542204,48958.90535,2418.86434,615672.4681,46380.44732
874858,F,48.24884664,86067.83527,9181.06743,335652.6234,56579.90338
875093,F,41.17366372,65554.4018,12026.57975,462613.8587,42774.35579
875099,M,38.55101952,69248.4953,6445.784981,298246.0609,37879.65385
875263,M,45.44389242,59331.23555,10027.53449,543313.3454,45208.42539
87556202,M,70,52323.2448,12438.85648,346555.1716,56229.4127
875878,M,51.22046152,63552.85175,9347.50353,474763.4696,50455.11935
875938,M,50.96113207,75116.10613,5969.666602,232607.3907,49721.31082
877159,M,41.94840202,38284.02013,15467.78745,587010.5521,31696.99679
877486,F,49.93151869,55293.50777,9465.090098,629764.2743,49220.0218
877500,F,39.84583613,63210.76235,3657.863218,664431.3966,46188.83514
877501,F,44.31436254,54918.38749,8920.385015,347017.8331,36086.93161
877989,M,52.13426592,57262.79581,7793.073201,322150.3542,43264.04965
878796,F,40.60178125,72299.9501,11544.93385,275389.0701,40660.38317
87880,M,57.00689841,50241.48985,14817.70896,607395.0183,51683.60859
87930,M,53.76273185,65834.56889,15353.25774,152012.353,44525.02085
879523,M,50.49435621,60382.17885,11302.88277,490444.4111,48518.90163
879804,F,37.26933248,68691.17086,16305.78907,619707.4203,45805.30588
879830,M,51.84166929,65446.65687,8491.586154,571564.7901,54850.38742
8810158,M,43.04031367,42978.34284,8884.11069,491193.3773,32478.44758
8810436,M,52.39396613,58143.06285,9686.119304,261152.8211,42209.28948
881046502,M,64.05419444,61666.2852,11672.72382,299854.2186,55125.93237
8810528,M,50.98384935,64854.33966,3247.887523,371240.2413,47984.42062
8810703,M,55.04901266,45757.15568,11207.01556,465709.8937,43405.89086
881094802,F,47.44390371,73096.50927,10743.793,196421.7402,44577.44829
8810955,F,36.3286175,67249.05932,12998.47232,396793.4734,37744.54285
8810987,F,38.83483235,77165.81297,8737.20319,478853.3217,47805.25605
8811523,F,45.42714869,72316.18286,8728.916803,279393.491,44846.68557
8811779,F,46.56694116,68431.27055,14088.90642,383693.2041,46643.26581
8811842,M,47.05691571,62311.11641,9832.05731,830430.3692,56563.98675
88119002,M,60.17319938,53229.14547,10756.60888,112127.2567,41673.44617
8812816,F,59.39902491,77662.1109,13444.89631,331460.4727,61118.46947
8812818,F,36.40803286,69494.69783,20000,335809.6171,37303.56701
8812844,M,47.4509492,61063.35631,12066.26571,509543.0859,46892.26617
8812877,F,37.8936486,79368.91741,13501.92659,761935.5177,56457.74038
8813129,F,41.56343675,61693.44352,10835.25736,620522.3842,45509.69732
88143502,F,32.78689927,47211.66812,4295.225339,539365.9366,27625.44144
88147101,F,39.01360284,69897.75291,9624.908869,565814.725,46389.50237
88147102,M,39.43529081,63675.93263,9631.974905,74257.82785,29002.05665
88147202,F,54.73045672,72302.03223,10813.75655,234159.0793,51355.7106
881861,M,45.09515473,63687.4988,13421.36821,358615.9327,42011.19965
881972,F,50.69496793,63678.15468,5011.615145,563498.6636,52654.40455
88199202,M,49.46168599,77435.46545,6922.152838,48620.32123,44432.71747
88203002,F,45.85016782,62721.40514,16127.56619,494985.5363,46054.60253
88206102,F,53.14119207,70842.83518,9536.899689,545946.9996,58235.41454
882488,F,38.93027639,55285.98625,17462.07506,734443.6969,42990.29255
88249602,F,42.62791487,72002.0552,14709.65824,568947.7487,50702.18103
88299702,F,69.56930586,41434.51258,6810.555606,252220.2937,47009.57741
883263,M,50.71732637,60404.38394,4198.839128,513974.6812,49399.97041
883270,M,51.77261249,65239.06468,7437.211028,168703.3385,42997.16761
88330202,F,45.13851753,62939.12851,632.0528524,455589.7973,44434.98419
88350402,M,47.68088058,60608.40313,8233.280719,492113.0067,46325.50959
883539,F,48.04509497,56118.39601,9242.775995,586717.4715,46846.7305
883852,M,47.79216388,86706.33333,9653.26498,333543.693,56499.10202
88411702,F,57.27478648,41236.36497,9399.342975,466988.2602,42773.75905
884180,F,46.27084405,77146.27598,7903.33495,418764.5061,52313.98392
884437,M,44.35361663,56437.30404,10461.98276,249182.7848,34139.6373
884448,F,65.22488117,70703.85013,5025.365518,284991.7415,60763.24731
884626,F,57.24274098,69810.46265,4684.556433,720423.8157,66158.69494
88466802,F,46.60008704,54279.39597,5699.184814,124979.0501,31215.6421
884689,M,36.11724689,70334.42787,9823.218967,632600.4718,46135.27233
884948,M,56.77294754,59168.00751,10474.44187,623487.5952,56973.18105
88518501,M,32.87492543,61889.61618,12024.48457,133226.0617,24184.07443
885429,F,43.25105758,66013.95174,7039.540023,610942.1408,49079.61942
8860702,F,46.20524085,55434.04046,18693.14652,316906.6441,37093.92033
886226,M,45.26036406,68499.69447,15436.79968,308445.8598,43401.56612
886452,F,42.80386517,54749.88645,7631.687821,152883.3519,29092.1311
88649001,F,37.94194499,74590.25495,5614.004976,573441.9724,48349.16457
886776,F,39.69651573,67772.66646,6887.248301,134188.4492,33261.00057
887181,F,42.69544169,62563.57825,6130.305181,426488.7459,41327.16554
88725602,M,41.87168381,70361.01504,12024.72511,575500.7687,49336.11628
887549,M,51.29771627,74810.89471,13658.34201,286849.7875,51405.55229
888264,M,37.72282353,49346.405,5827.820346,479685.9824,31249.98803
888570,F,41.22493528,73426.08521,14822.79645,336867.7147,43598.96993
889403,F,54.49187591,47684.46306,10128.76114,613372.8917,48300.02057
889719,M,45.21937869,72939.83195,7787.204492,589669.6573,54013.47595
88995002,M,40.76074066,72277.82609,13580.87747,202710.1294,38674.66038
8910251,F,40.36205839,53921.33351,9046.18109,515305.4841,37076.82508
8910499,M,31.8336316,65312.96755,11398.82486,572037.8859,37947.85125
8910506,M,54.12700263,55619.34152,11212.43791,229070.5491,41320.07256
8910720,M,55.34658335,70914.59993,9644.41026,779143.6005,66888.93694
8910721,M,35.37515645,33422.99683,8570.611562,211168.6293,12536.93842
8910748,M,46.30647788,53382.42693,5055.43571,438491.876,39549.13039
8910988,F,45.19479436,74173.39239,11315.59626,521404.2386,52709.08196
8910996,M,49.89768983,53587.12801,8501.49728,811594.0392,53502.97742
8911163,F,54.22262982,58011.6339,9822.426192,552454.0263,52116.90791
8911164,M,28.74024358,69171.95281,6354.833826,613104.784,38705.65839
8911230,F,55.54961038,66779.91374,14300.12614,202576.6196,48025.02542
8911670,M,54.16455309,79173.0767,6913.05683,397700.1404,59483.91183
8911800,M,33.19434796,63065.12164,8907.661779,505897.3041,35911.64559
8911834,M,47.79777532,65530.36401,8774.069514,210573.7042,41034.28343
8912049,M,48.93654638,63732.3931,12848.20061,581620.4824,51730.17434
8912055,M,54.61385876,62689.53964,8732.143355,481513.5074,53021.86074
89122,M,41.86361457,51539.93045,6932.950306,371355.6935,32828.03477
8912280,M,40.8753749,59060.08664,5841.612044,136346.3069,29417.64694
8912284,F,53.05501309,62713.78149,11498.03993,679435.1745,57461.51158
8912521,F,52.77569606,44747.66132,4975.144559,793986.6155,50441.62427
8912909,M,43.50671123,65529.70333,3932.838165,353929.5495,41575.34739
8913,M,41.80848339,62426.52379,6619.929677,630411.2698,46412.47781
8913049,M,40.60183491,73498.30715,3066.939924,491904.1899,47610.11718
89143601,M,48.25655639,86565.15641,13701.79986,819002.1748,70878.29664
89143602,M,63.41453115,46549.16329,640.045378,626163.832,55543.38497
8915,F,58.9815941,70111.5398,7949.463649,239217.6732,53848.7555
891670,F,45.27895873,66747.66857,9691.23462,221290.9818,39904.81613
891703,F,47.45421163,72025.6768,6988.652757,222341.0342,44736.41097
891716,F,49.4022674,70737.29383,13851.11162,266765.477,46937.17422
891923,F,39.98349575,57455.7609,12186.02793,159727.8753,28440.81268
891936,F,41.37223373,60657.59355,3331.304747,392177.789,38148.00163
892189,M,46.75803824,50694.42707,10881.90102,587858.6295,42747.53925
892214,M,27.44024624,55369.72784,10888.93494,606851.1696,29670.83337
892399,F,46.34274109,82425.64679,7525.252104,684273.5913,63038.20422
892438,M,50.50648739,82094.10712,1065.607589,577272.6805,63248.76188
892604,M,43.09147264,74090.51299,10877.69223,225670.1288,42321.56548
89263202,M,31.97176907,73935.74201,8253.583457,625484.0917,44463.30502
892657,F,62.86886081,75719.22986,10515.28135,474485.6659,67092.23276
89296,F,35.39291819,47054.14246,7234.672092,275762.4836,22091.11839
893061,F,49.62207396,42003.01617,6052.844775,579220.0393,40022.17406
89344,M,50.69628655,74418.55717,8632.699007,472761.6208,56071.61377
89346,F,54.40906192,52786.1971,9246.813159,556014.9704,49442.12107
893526,M,37.07521505,78804.99824,12710.00309,315058.7167,42497.72862
893548,M,44.2639884,66932.47176,11033.16277,149761.1281,37084.77621
893783,F,57.10507937,56066.07685,5235.7599,497876.2478,51866.48719
89382601,M,47.48853379,48591.57177,14309.21115,364858.7148,35716.31133
89382602,M,52.00403731,38213.88844,11492.74174,579059.3132,39892.93343
893988,F,52.47484301,56444.76848,11932.73881,69821.6376,35781.16156
894047,M,47.78541236,67080.6142,7880.423663,244188.0008,42866.21274
894089,F,55.01756589,83333.81054,9874.075327,1000000,80000
894090,M,46.52064185,73502.12458,11132.39299,765711.6025,60526.97788
894326,F,44.74440761,88816.02695,9317.22195,493592.1764,59758.73247
894329,F,39.6048097,70381.37499,6718.857016,305253.2658,39606.24598
894335,F,47.42452905,67647.74764,8767.783547,787984.2882,58641.71051
894604,M,45.01562039,79781.90126,11148.10325,427287.6277,52983.89411
894618,F,49.10443956,64665.39122,7404.080751,521815.7353,50666.88173
894855,M,60.18011891,58837.97088,12788.81573,622324.7499,59625.02618
895100,M,33.81125185,49607.23466,9344.32377,290711.867,22630.25982
89511501,M,36.3750977,67032.16445,7666.5303,516738.1724,41137.89459
89511502,M,51.3613807,65245.57379,11554.2723,542777.4892,53496.48183
89524,M,42.2652013,56174.3433,10394.57246,398011.5804,36543.93642
895299,M,48.09742994,47227.01542,11312.51035,642335.1021,43503.97349
8953902,F,35.37227549,40300.49467,8828.164449,719846.9824,31146.71078
895633,F,44.23255578,45504.74866,9245.466786,374777.6929,31526.04931
896839,M,48.07331843,50017.38154,7514.393035,160487.0006,31083.70271
896864,F,47.47086936,66226.72902,8511.814921,356213.0776,45366.35963
897132,M,31.24483833,41361.95045,10755.50842,615720.0425,25252.93221
897137,F,45.34659851,56687.41273,9050.284083,414034.6096,39888.59789
897374,M,48.70123214,68114.60169,11633.95265,521061.1115,52240.72866
89742801,M,61.31742411,51086.88482,12254.53943,59630.07789,39911.6116
897604,M,50.67226399,71921.45038,6354.372629,169714.2655,45857.75365
897630,F,35.48520024,56807.01728,8851.564939,385250.7163,30826.10903
897880,M,52.51971144,43019.8475,8527.034281,454791.7251,39422.79389
89812,F,42.12055603,63875.20999,11397.68601,188327.5831,34678.83226
89813,M,39.12031813,41587.39238,5397.031602,322891.7787,23517.91983
898143,F,38.10594756,49661.96712,4679.441732,375654.1472,28733.68779
89827,M,40.75219483,92471.17612,5404.397644,515717.7476,59096.26978
898431,M,43.70539661,70136.82862,7765.975483,555993.1081,50188.86612
89864002,F,43.07820399,52664.71719,14435.74305,411932.8191,35659.12237
898677,F,38.63314682,55618.06942,7557.657205,854283.5574,46398.35204
898678,M,33.24696771,54912.44043,8203.56263,537572.1338,32291.18978
89869,M,46.91189053,56692.78044,7946.435929,685541.6501,49079.29461
898690,M,45.30594136,63561.04525,3730.11972,608019.6308,49348.88394
899147,F,50.72631901,62788.93529,13224.45167,192514.6431,41427.59797
899187,M,42.1200795,38453.86033,15283.41752,320834.0102,24221.99937
899667,F,55.25607797,59486.27073,6515.336778,228434.0508,44424.07681
899987,F,62.46308509,68149.63056,9560.448204,401916.0981,60390.06616
9010018,M,51.56054437,49393.46784,11521.6189,475263.2759,42793.9932
901011,M,51.10053283,72262.20245,12124.82386,187821.0958,46935.72774
9010258,F,62.62575416,64494.39535,8765.624109,408679.8596,58667.06865
9010259,F,45.56856449,54362.70307,15647.35449,388898.069,38042.80065
901028,F,46.55637266,55657.65681,9625.399586,377424.6157,39270.57909
9010333,M,57.70495365,73512.41269,11054.27478,236420.9695,54606.18769
901034301,F,36.71815503,70621.52393,9384.067625,366327.7432,39083.94268
901034302,F,51.42349784,70275.68706,10359.17579,253181.9789,47984.12043
901041,M,36.12691774,74420.10254,10274.13558,551344.3365,46082.80993
9010598,F,31.61348869,54395.05356,10693.88704,549212.4268,30964.07804
9010872,F,31.89622257,60384.34541,11518.29175,589180.4485,35726.95299
9010877,F,43.05089188,66813.664,15458.68867,600685.1915,49065.1634
901088,M,51.08481106,84120.95497,9596.513091,27888.74525,48955.85816
9011494,F,43.12954854,54236.62092,7275.314728,432447.5324,37183.10293
9011495,F,57.80193013,64426.59613,9514.645028,137601.844,46710.52519
9011971,F,48.83752201,71150.19894,9848.997857,480468.247,52889.56257
9012000,M,42.99229711,60325.20676,10128.1151,62149.94034,29754.66271
9012315,F,48.30867264,91083.73918,13148.85597,387538.2487,60960.83428
9012568,M,39.71130983,60380.22868,2799.719601,508962.4874,39975.43302
9012795,F,34.72822141,72948.11812,12664.32052,360457.0496,38545.80328
901288,M,43.00071798,74834.57117,9366.027561,712233.8241,56764.44728
9013005,F,57.13457591,67752.38329,13851.92122,657178.4135,63079.84329
901303,F,47.21795133,59205.89035,2689.317953,856287.1522,55700.83389
901315,M,31.75957954,64874.03368,8511.835275,528087.5277,36367.18452
9013579,M,44.34525343,63305.84963,16146.77016,749016.565,52477.83479
9013594,M,50.27457289,74176.2079,11894.4244,290608.3977,50296.67496
9013838,F,43.57649526,47230.92278,4421.153379,558001.0241,37259.84386
901549,M,56.72544675,65980.95617,7009.186038,173272.8954,47715.96049
901836,M,35.07555289,51428.66337,9221.265417,457116.1945,29540.87013
90250,F,52.90793462,75381.07571,7925.059589,545125.9592,60567.18837
90251,F,41.02339176,54742.3946,10342.60917,447393.4883,36125.48846
902727,M,44.00603343,76245.2434,6139.387823,674190.6949,57303.87131
90291,F,62.62213572,60409.75787,9611.317626,255285.4063,51922.07691
902975,M,49.7733395,57600.59673,10340.30041,128387.9293,35848.82935
902976,F,42.06422454,71371.92544,7094.827,321431.279,42704.3221
903011,F,40.961674,79444.01301,11620.1079,627086.6563,55174.98946
90312,M,40.2012564,47569.44212,7840.293189,281690.8431,26599.90843
90317302,F,40.39729481,71193.72803,3854.733177,762832.2606,53993.44322
903483,F,55.57696873,46412.82136,11652.2729,595028.8431,47970.76767
903507,F,47.55430896,57368.05622,10175.74457,466128.9118,43641.65727
903516,F,41.27000968,65826.12291,11715.3714,416748.7309,41679.7929
903554,M,61.03424503,61824.8798,11211.99502,660897.0146,63140.05082
903811,F,35.33787621,61723.00613,9913.194941,291897.4057,30757.65726
90401601,F,54.77232025,72310.39623,3093.707686,724025.4097,65592.22012
90401602,M,36.57271347,67548.77415,10462.35581,388284.2974,37871.7082
904302,M,47.71401166,62175.68945,12967.284,343290.677,42919.5196
904357,M,31.98877902,60584.85458,8133.45931,129635.6343,22599.45863
90439701,F,61.70429878,66655.4142,8001.644302,805075.5197,70598.96768
904647,M,48.59322101,63718.8812,11863.06428,298920.0067,43242.58224
904689,M,42.88453632,60862.97749,8033.550461,344060.1754,38138.57511
9047,F,36.2452565,67508.12293,10188.68685,141587.6498,30419.8
904969,M,61.22472501,61639.76386,17870.63765,684209.551,63868.94051
904971,M,45.75422949,63172.95729,6332.2019,456524.7944,45112.94547
905189,M,56.67256191,58653.6591,17142.41332,201228.0206,44361.87507
905190,F,36.42694852,40558.75456,4981.269146,283241.2769,19525.29827
90524101,M,48.94126712,76870.00765,5575.323416,266531.2969,49991.60697
905501,F,62.75948863,71948.80529,8061.968487,365862.7818,61731.71426
905502,M,49.28968587,67629.84819,10916.85532,151946.3089,41769.38288
905520,F,44.09922748,67121.32166,12087.38116,472403.1231,46402.53583
905539,F,43.17653402,57376.4803,12878.54582,376886.359,37376.63439
905557,M,48.14257112,56944.87077,16449.0665,116407.5289,33766.6413
905680,M,36.96953352,60174.05765,15666.43155,271414.7592,30667.60927
905686,F,48.98030739,81997.33071,12616.45622,237185.1714,52056.41478
905978,F,40.20456044,36960.76994,1768.874438,630120.001,30736.5798
90602302,M,41.67121696,64412.43101,10449.61818,355175.3677,39439.45349
906024,F,29.59907959,70076.22764,1726.809885,552267.6361,38174.87433
906290,F,43.13272875,72016.92459,11602.74297,205006.2161,40589.8625
906539,M,55.30394679,63186.12783,7122.163863,762601.0836,62028.71192
906564,M,40.20042717,76086.84122,9258.181529,482866.5457,48465.27211
906616,F,37.71663125,74445.72702,7515.152476,297964.2638,40095.0498
906878,M,42.65479064,85475.64202,13786.14942,267555.1178,49568.47685
907145,F,37.36362599,51111.76605,9057.600508,461366.7829,31408.62631
907367,M,41.35450195,79064.9559,7221.667169,365871.4992,47719.47741
907409,F,41.93116782,55514.9934,8009.719809,394229.8972,35784.42411
90745,M,38.03912192,75901.81829,6512.71102,357468.1866,42905.53815
90769601,F,42.64066561,56687.93949,10827.1614,790116.4252,48516.84335
90769602,M,43.57614914,59801.06311,8042.386734,601744.9607,45593.6849
907914,M,40.99660693,57303.83325,10836.41709,258194.8443,32061.6467
907915,M,45.84421027,43412.86301,7843.402994,392003.2864,32208.37522
908194,F,45.76882266,58948.93261,8282.075073,205439.3663,35475.00344
908445,F,39.814817,56086.45033,6588.606462,228388.5491,29519.56184
908469,F,44.95472657,80015.83115,9064.618618,508555.1592,55420.56668
908489,F,57.97429301,41409.2939,8211.34092,421318.9764,42139.64528
908916,M,61.70872559,40387.9207,5761.401538,622569.5959,50539.90169
909220,M,51.52532667,48746.71666,3923.407178,217188.4056,34922.42846
909231,F,44.27741911,70230.15498,8542.019129,320525.7282,43898.2733
909410,M,44.02366242,64961.39305,6885.723977,265717.2542,39135.03023
909411,F,39.66565685,57777.15558,19692.91262,601210.2803,41147.46679
909445,M,32.59143047,54447.15275,13141.31969,284155.4155,24134.59205
90944601,F,44.13391466,59712.31101,7135.98755,487564.5541,42705.11311
909777,M,42.22095552,65605.41798,13629.1104,297540.8814,38901.60925
9110127,M,20,70467.29492,100,494606.6334,28645.39425
9110720,F,52.61004535,76318.87883,6392.211408,245216.1691,52150.41786
9110732,F,55.9330891,77657.56243,14438.24233,622831.922,66648.25077
9110944,F,44.17501053,60487.90116,9911.037592,478428.7174,42909.27129
911150,F,52.49932303,67729.9725,10279.91264,314885.1345,49248.10595
911157302,M,42.5273855,49463.0635,6478.156506,201636.866,27303.17104
9111596,F,48.51272138,65850.47688,3912.385616,419556.6198,47869.82593
9111805,F,55.52192516,66505.38124,3942.76762,621309.5863,59984.16361
9111843,M,47.46701603,58260.57232,4658.41454,507572.635,45271.46081
911201,M,25.17989327,45092.74073,11380.09288,158758.3577,9000
911202,F,44.70222518,63845.77186,7761.848528,505048.7599,46012.10616
9112085,F,46.47392714,55293.575,8276.644566,169475.9968,32967.20191
9112366,F,32.79649861,87598.01501,10814.57915,485563.7363,48785.15839
9112367,M,42.78726724,71753.30877,9119.791422,400703.2655,45824.5656
9112594,M,47.5469052,45368.15561,12203.48778,577058.1773,40102.11417
9112712,F,48.14631737,45362.66982,2524.992105,399437.5235,35457.1486
911296201,M,40.47710314,40727.39196,9725.549901,508528.9957,29556.7932
911296202,F,38.54583374,58632.58875,12035.37079,516817.3173,38243.06228
9113156,M,39.14103529,66680.2741,10263.14899,556945.8742,44430.63323
911320501,F,53.9049485,75892.3053,8110.946984,177878.1758,51046.42226
911320502,M,53.37171727,59297.41631,9592.433147,567842.1267,52570.36517
9113239,F,51.44198125,92455.72807,9877.169366,285326.3544,61404.22578
9113455,M,54.52160505,32697.98161,10858.02526,218808.7553,28463.64326
9113514,F,35.05685897,55418.75606,8837.654857,312927.9187,27586.20078
9113538,M,43.30468502,68921.40213,8120.204455,515012.2804,47979.48549
911366,M,36.51447117,43739.97829,5933.177726,517110.9454,28164.86039
9113778,M,59.61961534,81565.95967,9072.063059,544291.9504,69669.47402
9113816,M,43.54252824,65364.06334,7839.414396,579640.7982,48052.65091
911384,F,39.2812453,65019.15701,4931.56016,341330.7344,37364.23474
9113846,F,41.6796235,58243.17992,15149.03426,649323.7878,44500.81936
911391,M,32.30887578,73558.87334,11164.52652,301245.7708,35139.24793
911408,F,52.28979935,66088.02369,6769.181833,557098.9636,55167.37361
911654,M,56.28750886,54441.72437,4362.720324,432850.4157,48383.69071
911673,F,40.75405169,60101.79725,12989.36784,340720.5185,35823.55471
911685,F,50.76936195,50153.43545,6596.01369,266939.1746,36517.70996
911916,M,57.61545628,61430.93415,11561.07365,421891.846,53110.88052
912193,M,50.80193441,65846.5096,9141.668545,531840.3342,53049.44567
91227,F,29.03452095,55433.61187,10769.75059,276466.6203,21471.11367
912519,F,52.96776171,62979.60196,14297.25366,247421.9185,45015.67953
912558,F,43.3868909,76523.33258,10373.00856,620355.2658,55377.87697
912600,M,62.07084214,63956.1618,16978.52745,360787.6401,56510.13294
913063,F,60.41643332,39460.00348,8769.290288,571245.3714,47443.74443
913102,F,36.65996988,66923.43536,8611.468093,522814.817,41489.64123
913505,M,43.3654703,50051.14039,893.2353408,347177.8367,32553.53423
913512,M,41.7050595,61575.9502,594.8049491,497197.264,41984.62412
913535,M,54.87954467,64430.07398,6924.106833,664862.0102,59538.40327
91376701,F,45.75269752,63722.00164,10711.44472,316128.4002,41352.47071
91376702,M,50.19720522,78518.21527,10072.48298,294506.0844,52785.16947
914062,F,55.08772031,72424.80112,9831.184792,523680.7699,60117.67886
914101,M,42.90018665,77665.17195,13308.87932,349588.5608,47760.66427
914102,M,51.76741827,77345.61633,6736.75168,665099.139,64188.26862
914333,M,41.46251483,71942.40291,6995.902524,541670.1016,48901.44342
914366,F,37.64199977,56039.49793,12301.45679,360419.0988,31491.41457
914580,F,53.94349722,68888.77805,10611.60686,764531.3203,64147.28888
914769,F,59.16050864,49811.99062,14013.03451,337826.6382,45442.15353
91485,F,46.73115245,61370.67766,9391.341628,462946.4924,45107.22566
